Adjusted Gross Income Class,Number of Returns,,Federal AGI (Thousands),California Adjustments (Thousands),California AGI (Thousands),California Deductions (Thousands),Taxable Income (Thousands),Total Tax Liability (Thousands),Wages and Salaries,,Taxable Interest,,Taxable Dividends,,Taxable Pensions and Annuities,,Business Income,,,,Net Sale of Capital Assets,,,,Rents and Royalties,,,,Partnerships and S-Corp Gain,,Partnerships and S-Corp Loss,,Estates and Trusts Gain,,Estates and Trusts Loss,,Farm Income,,,,All Other Federal Income Sources Profit,,All Other Federal Income Sources Loss,,Total Income,,Individual Retirement Plan,,Student Loan Interest,,Tuition & Fees,,Moving Expense,,Half Self-Employment Tax,,Self-Employed Health Insurance,,Self-Employed Retirement Plan,,Penalty on Early Withdrawal of Savings,,Alimony Paid,,Domestic Production,,Total Adjustments,,Total California Subtractions,,Total California Additions,,Medical Expenses,,State and Local Income Taxes,,Real Estate Taxes,,Personal Property Taxes,,Other Taxes,,Total Taxes,,Mortgage Interest,,Points and Investment Interest,,Total Interest,,Cash/Check Contributions,,Non-Cash Contributions,,Contribution Carryover,,Total Contributions,,Casualty and Theft Losses,,All Other Deductions,,Total Federal Itemized Deductions,,California Adjusted to Fed Itemized Deductions,,California Itemized Deductions,,California Standard Deductions,,Personal Exemption Credit,Personal Exemption Credit,Dependent Exemption Credit,Dependent Exemption Credit,Senior/Blind Exemption Credit,Senior/Blind Exemption Credit,Total Exemption Credit,,Other State Tax Credit,,Total Special Credit,,Renter's Credit,,G-1 Tax/5870A Tax,,Alternative Minimum Tax,,Mental Health Tax,,Other Taxes,,Taxes Witheld,,Estimated Taxes Paid,,Excess State Disability Insurance (SDI),,Nonrefundable Child and Dependent Credit,,Overpayment,,Credit to Next Year's Tax,,Total Voluntary Contributions,,Refund,,Tax Due,
,,,,,,,,,,,,,,,,,Profit,,Loss,,Profit,,Loss,,Profit,,Loss,,,,,,,,,,Profit,,Loss,,,,,,,,,,,,,,,,,,,,,,,,,,,,,,,,,,,,,,,,,,,,,,,,,,,,,,,,,,,,,,,,,,,,,,,,,,,,,,,,,,,,,,,,,,,,,,,,,,,,,,,,,,,,,,,
,All,Taxable,,,,,,,Number,Amount (Thousands),Number,Amount (Thousands),Number,Amount (Thousands),Number,Amount (Thousands),Number,Amount (Thousands),Number,Amount (Thousands),Number,Amount (Thousands),Number,Amount (Thousands),Number,Amount (Thousands),Number,Amount (Thousands),Number,Amount (Thousands),Number,Amount (Thousands),Number,Amount (Thousands),Number,Amount (Thousands),Number,Amount (Thousands),Number,Amount (Thousands),Number,Amount (Thousands),Number,Amount (Thousands),Number,Amount (Thousands),Number,Amount (Thousands),Number,Amount (Thousands),Number,Amount (Thousands),Number,Amount (Thousands),Number,Amount (Thousands),Number,Amount (Thousands),Number,Amount (Thousands),Number,Amount (Thousands),Number,Amount (Thousands),Number,Amount (Thousands),Number,Amount (Thousands),Number,Amount (Thousands),Number,Amount (Thousands),Number,Amount (Thousands),Number,Amount (Thousands),Number,Amount (Thousands),Number,Amount (Thousands),Number,Amount (Thousands),Number,Amount (Thousands),Number,Amount (Thousands),Number,Amount (Thousands),Number,Amount (Thousands),Number,Amount (Thousands),Number,Amount (Thousands),Number,Amount (Thousands),Number,Amount (Thousands),Number,Amount (Thousands),Number,Amount (Thousands),Number,Amount (Thousands),Number,Amount (Thousands),Number,Amount (Thousands),Number,Amount (Thousands),Number,Amount (Thousands),Number,Amount (Thousands),Number,Amount (Thousands),Number,Amount (Thousands),Number,Amount (Thousands),Number,Amount (Thousands),Number,Amount (Thousands),Number,Amount (Thousands),Number,Amount (Thousands),Number,Amount (Thousands),Number,Amount (Thousands),Number,Amount (Thousands),Number,Amount (Thousands),Number,Amount (Thousands),Number,Amount (Thousands),Number,Amount (Thousands),Number,Amount (Thousands),Number,Amount (Thousands),Number,Amount (Thousands),Number,Amount (Thousands)
Negative,"165,235","2,761","-28,139,823","-98,623","-28,244,303","2,872,379",,"12,010","44,613","1,972,860","82,690","822,873","47,043","640,978","23,605","380,584","26,570","463,208","53,914","-1,774,661","19,552","2,192,789","49,684","-125,716","15,977","376,226","28,666","-1,006,832","19,618","2,404,717","38,321","8,979,583","1,690","96,750",737,"198,931",973,"32,360","4,989","-568,572","34,012","1,047,562","73,801","25,472,949","163,321","-27,704,542","1,353","7,603","10,724","12,244","2,823","9,140",222,578,"24,445","31,953","12,352","74,585",552,"17,673",825,"12,436","1,648","50,677",,,"42,224","260,910","92,483","29,093,439","83,043","28,996,331","24,714","407,820","30,266","376,226","30,382","372,998","15,247","9,893","1,743","1,925","34,910","761,042","27,617","555,910","9,393","214,859","29,023","770,767","4,802","31,244","2,257","5,746","1,383","15,969","5,308","52,949",a,"1,031","35,203","271,036","35,602","1,543,009",179,673,"68,412","2,336,943","96,697","535,436","211,048","25,748","44,552","16,840","85,764",30,"157,939","52,842",,,,,,,,,939,"11,110",,,"1,830",900,"38,623","87,086","10,134","154,081",501,195,,,"54,613","265,370","6,107","85,729",,,,,,
Zero,"36,737",,"511,178","-509,630",,"309,349",,,"10,581","359,109","2,277","8,362",277,196,"1,441","32,921",679,"1,715",,,,,111,-333,,,112,"-1,977",111,"-3,586",,,111,38,,,,,,,"11,557","223,071","3,042","104,524","22,066","525,231",,,,,"1,833","5,314",,,567,120,568,"1,581",,,,,a,259,,,"2,489","7,430","19,135","567,495","2,597","57,864",503,"77,098",702,"1,773",567,"4,014",168,49,111,122,"1,048","5,959",789,"10,680",,,790,"10,682",147,"1,207",55,38,,,201,"1,245",,,"1,637","1,224","1,162","94,975",,,"2,713","120,931","34,024","188,418","40,778","4,975","11,427","4,320","9,683",,"34,671","10,449",,,,,,,,,,,,,,,"7,794","8,957",223,345,,,,,"10,241","11,278",222,343,,,,,,
1  to  999,"166,110",667,"249,306","-182,742","66,564","928,077",,3,"59,387","287,477","54,923","9,771","14,739","7,427","7,958","30,025","45,232","44,553","1,920","-7,948","6,062","7,091","5,362","-8,313","2,426","7,282","2,060","-17,945","1,516","16,523","1,741","26,415",56,369,,,111,"1,121",122,"-1,117","21,169","132,626","7,248","178,955","165,554","303,798",833,"3,094","2,177","2,689","2,678","6,779",,,"21,856","2,960","2,892","7,379",,,223,12,,,,,"26,046","22,982","15,519","301,784","8,689","119,042","2,918","23,174","4,314","11,488","4,262","27,883","2,084","1,732",a,11,"5,320","41,115","4,262","62,892",404,597,"4,262","63,489","1,662","1,740",913,726,222,482,"2,338","2,949",,,"7,054","20,574","5,320","133,326",a,-56,"18,300","265,882","147,699","662,195","151,716","18,509","21,598","8,164","48,862",54,"131,818","32,611",,,,,,,,,,,,,667,3,"21,312","6,965",944,297,,,,,"72,286","15,134",667,213,,,,,,
"1,000  to  1,999","143,543","5,595","252,525","-36,055","216,470","732,143","2,312",32,"91,386","228,168","21,694","12,358","11,834","12,407","9,394","21,606","30,807","57,044","3,509","-15,373","6,497","14,350","5,619","-10,397","2,856","6,290","1,993","-23,714","1,757","45,948","1,585","55,760",164,"2,422",,,a,3,224,"-1,913","16,694","110,000","3,991","110,549","143,543","292,892",334,"1,496","2,891","2,474","2,001","6,583",,,"29,597","5,827","2,448","7,656",111,220,277,16,122,398,,,"34,264","26,006","10,369","157,062","8,874","121,007","1,804","49,384","2,427","46,290","1,659","13,892",618,224,122,67,"2,673","60,473","1,662","24,041",233,"1,575","1,669","25,616",598,"1,014",785,528,a,28,"1,154","1,570",,,"6,356","18,552","2,895","89,985",,,"13,142","180,258","130,401","551,885","108,185","13,199","20,326","7,683","27,402",27,"95,814","24,215",111,,333,1,222,,,,5,4,,,477,5,"44,936","3,641","1,060","2,730",,,,,"84,186","19,402",335,757,,,,,,
"2,000  to  2,999","167,758","6,501","485,755","-65,237","420,518","823,440","6,030",192,"113,562","335,925","22,788","18,304","14,084","20,116","10,366","40,071","37,141","106,475","3,067","-6,792","8,459","13,825","5,703","-12,085","2,910","6,507","1,745","-22,306","1,682","6,018","1,523","18,844",111,200,,,111,23,111,"-2,387","16,338","84,704","2,411","54,151","167,646","515,603",446,"1,356","2,611","2,621","2,166","6,085",,,"36,243","7,897","2,139","5,570",a,21,333,15,111,"1,734",,,"40,408","28,579","9,533","131,491","6,758","66,254","1,746","14,721","2,101","3,828","1,669","9,202","1,610",788,112,24,"2,336","13,840","1,224","13,651",166,9,"1,335","13,659","1,201","1,377",610,287,222,275,"1,421","1,940",,,"4,828","4,629","2,336","41,576",111,256,"9,916","123,483","157,842","699,956","124,733","15,217","23,035","8,707","25,857",14,"111,036","27,067",,,445,5,333,4,,,,,,,"1,722",104,"66,101","4,132","1,001",740,32,1,,,"107,686","27,282",446,210,,,,,,
"3,000  to  3,999","181,012","6,559","685,706","-55,239","630,467","991,372","10,388",382,"128,302","504,830","25,032","17,699","16,020","35,684","10,796","45,322","36,821","126,165","2,782","-14,932","7,293","15,371","6,733","-14,424","3,013","8,965","1,510","-14,635","1,451","16,075","1,172","20,013",a,172,,,,,111,"-1,378","15,771","85,082","3,663","74,335","180,790","715,648",111,178,"2,945","2,838","2,112","5,837",,,"35,821","9,338","1,857","5,393",,,445,16,222,"1,128",,,"40,322","25,555","11,757","135,382","8,087","80,143","2,460","38,540","3,330","12,814","2,500","13,988","1,594","1,188",111,131,"3,723","28,121","2,164","32,023",447,315,"2,387","32,339","1,314","1,874",502,773,166,364,"1,314","3,011",,,"7,587","11,906","3,834","92,062",,,"14,731","195,464","166,281","795,908","138,387","16,883","29,739","11,241","24,877",27,"125,205","31,155",111,1,445,78,111,,,,a,25,,,"1,334",30,"82,841","5,130","1,947","2,017",a,1,,,"129,652","41,741","1,113",892,,,,,,
"4,000  to  4,999","186,889","26,577","894,882","-52,851","842,032","1,086,773","25,807",400,"134,992","655,878","25,087","15,441","12,632","23,433","14,110","60,130","39,777","183,963","2,590","-17,455","6,930","44,332","5,212","-10,209","2,727","7,718","1,773","-25,621","1,735","22,984","1,472","28,949",a,6,,,,,222,"-6,896","18,772","99,128","3,565","90,144","186,778","933,741",222,800,"3,333","2,978","2,557","8,210",,,"38,274","13,121","2,905","12,177",,,557,13,,,,,"43,000","39,344","15,319","157,522","7,771","104,672","2,552","54,109","3,576","3,627","2,753","17,306","1,493",502,124,120,"3,812","21,554","2,395","28,692",293,70,"2,564","28,762","1,502","3,248",836,453,221,"1,496","1,948","5,197",,,"6,656","11,166","4,034","106,583",,,"13,121","203,191","173,768","883,582","141,823","17,302","34,888","13,188","30,779",27,"127,193","34,240",,,"2,001",13,"2,001",13,,,,,,,"1,456",32,"93,947","6,803",905,558,,,,,"136,779","49,713",236,167,,,,,,
"5,000  to  5,999","194,449","51,695","1,128,735","-59,935","1,068,801","1,119,343","162,870",967,"140,329","834,784","25,478","15,711","12,599","22,412","14,306","74,962","41,666","214,324","3,056","-23,521","7,961","17,901","3,865","-9,085","3,405","19,538","1,901","-12,501","1,072","9,140","1,228","32,927",445,"1,266",,,,,222,"-3,191","25,032","146,668","3,262","86,884","194,227","1,188,581",667,"1,727","3,668","2,493","2,779","7,101",,,"41,454","15,578","1,781","5,456",a,31,672,"1,134",333,"5,453",,,"48,018","41,980","16,478","132,913","7,767","72,978","2,919","35,268","4,298","10,910","3,421","17,230","1,960",983,456,184,"4,535","29,307","3,088","39,255",403,128,"3,200","39,383","2,615","3,672","1,057",733,223,215,"2,948","4,621",,,"8,200","7,469","4,535","100,458",,,"13,383","189,891","181,066","929,452","155,914","19,022","39,722","15,015","33,228",27,"140,525","38,082",667,4,"4,668",52,"3,890",44,,,a,6,,,"2,445",93,"105,923","8,378","2,060","2,117",,,,,"142,354","57,706",390,305,,,,,,
"6,000  to  6,999","198,775","48,795","1,352,322","-61,716","1,290,606","1,204,971","314,613","1,565","147,779","1,027,881","27,390","19,423","13,863","26,913","14,299","76,174","40,646","262,071","4,835","-32,561","8,302","38,151","5,961","-13,881","3,573","20,048","2,425","-57,754","1,414","13,300","1,592","20,850",111,446,11,122,111,534,167,"-10,492","26,492","155,776","4,433","106,488","198,664","1,398,783",334,"2,397","3,834","3,392","2,500","6,373",,,"40,705","18,852","2,613","8,958",,,778,948,111,793,,,"46,905","46,655","18,652","157,520","9,834","95,804","1,938","23,612","3,449","6,601","2,927","16,051","1,756",401,235,119,"3,594","23,171","2,803","36,985",724,747,"2,926","37,732","1,288","2,643",622,180,111,28,"1,543","2,851",,,"7,253","18,601","3,817","82,983",,,"14,464","239,492","184,200","965,479","164,514","20,071","50,104","18,939","31,182",,"146,495","42,803",556,12,"5,113",98,"4,557",86,,,,,,,"1,111",44,"105,163","11,325","1,180",582,,,,,"142,478","68,905",957,429,,,,,,
"7,000  to  7,999","203,858","41,237","1,572,980","-44,977","1,528,003","1,264,415","483,081","1,702","151,434","1,181,611","27,397","29,330","14,544","36,538","15,463","96,930","40,204","300,812","5,018","-36,997","7,252","29,916","5,764","-12,659","4,490","24,913","2,304","-30,445","1,342","10,333","1,753","69,572",610,"3,170",,,,,111,"-1,053","25,944","134,497","3,580","76,553","203,858","1,620,771",557,"1,113","4,446","3,495","2,668","7,981",,,"39,871","21,175","2,117","6,213",222,113,122,13,111,"6,669",,,"46,109","47,790","17,011","124,990","8,985","80,012","3,203","69,662","4,631","8,180","3,618","23,481","1,880",967,,,"4,853","32,628","2,949","49,450",449,478,"3,395","49,927","2,369","2,683","1,446",527,111,99,"2,592","3,309",,,"8,730","29,347","4,853","149,767",,,"15,269","279,442","188,589","984,973","178,382","21,763","50,644","19,144","33,654",54,"159,170","45,009",556,9,"5,669",157,"5,113",148,,,,,,,"2,445",145,"120,833","11,782","1,470","1,921",,,,,"153,745","69,528",913,820,,,,,,
"8,000  to  8,999","196,109","39,501","1,702,661","-34,910","1,667,751","1,170,284","621,771","2,692","147,973","1,301,859","21,529","14,001","14,619","25,793","14,407","81,261","40,270","307,682","3,237","-55,802","8,961","87,660","4,730","-9,692","3,313","20,934","1,923","-16,613","1,724","25,116","1,281","86,607",222,"1,083",,,a,6,a,"-1,197","25,559","135,567","3,613","81,769","196,109","1,750,398",556,"1,916","3,889","3,637","2,668","7,211",,,"39,727","21,902","3,138","9,894",222,756,333,10,,,,,"45,174","47,277","17,711","113,813","9,427","78,903","2,013","36,929","3,426","3,866","2,759","15,502","1,704","1,480",222,40,"3,649","20,888","2,536","35,360",235,42,"2,536","35,402","1,368","3,203",557,286,,,"1,590","3,489",,,"7,883","10,163","3,649","97,093",,,"12,009","196,323","184,099","973,961","170,459","20,796","57,371","21,686","29,790",27,"154,201","46,114",222,5,"3,890",158,"3,668",153,,,255,379,,,"1,345",129,"113,192","12,181",977,658,111,40,,,"145,583","70,246",557,90,,,,,,
"9,000  to  9,999","203,842","39,348","1,981,399","-43,525","1,937,875","1,239,068","796,792","2,577","155,190","1,432,109","26,017","22,783","13,270","29,141","15,687","114,810","44,828","372,963","3,360","-27,566","7,628","19,341","5,377","-12,188","3,959","25,048","2,157","-28,232",894,"13,756","1,371","15,764",223,"1,028",a,121,,,123,"-3,163","29,403","156,905","2,663","66,575","203,731","2,034,832",344,"1,362","4,391","4,553","2,557","5,853",,,"43,828","27,085","3,135","9,531",111,133,557,691,334,"3,684",,,"49,687","54,573","19,822","110,211","8,499","66,686","2,838","44,547","4,065","3,630","3,064","13,464","2,279","1,350",333,103,"4,178","18,547","2,952","32,567",225,34,"2,953","32,601","1,947","4,025","1,168","1,270",222,752,"2,169","6,047",,,"8,021","11,974","4,178","104,958",,,"12,098","201,420","191,744","1,037,648","181,877","22,189","70,081","26,491","31,082",27,"162,156","52,469",445,24,"4,779",238,"4,335",214,,,445,21,,,"2,334",187,"121,551","12,006","1,337","2,634",,,,,"151,810","68,439",902,778,,,,,,
"10,000  to  10,999","228,171","34,678","2,405,937","-9,502","2,396,334","1,444,701","1,050,746","2,745","167,127","1,692,930","26,465","22,552","12,930","26,856","17,073","121,010","64,477","599,983","4,358","-31,740","8,062","25,728","4,773","-11,246","4,927","32,642","1,958","-22,188","1,522","14,449",978,"45,174",445,"2,376",,,223,"1,460",344,"-4,291","29,868","141,899","2,177","83,066","228,171","2,484,182",778,"3,234","5,167","3,642","2,779","7,553",,,"63,753","42,526","5,167","15,534",222,594,222,145,223,"2,384",,,"70,201","77,616","20,465","103,395","7,627","93,894","3,649","49,212","4,072","9,292","3,762","20,690","1,748",763,557,154,"4,764","30,899","3,649","51,734",23,381,"3,649","52,115","2,167","4,692","1,277",800,111,227,"2,390","5,718",,,"7,948","12,112","4,764","133,561",111,-265,"14,237","228,184","213,934","1,216,517","215,096","26,242","96,930","36,640","34,112",61,"192,379","67,041",333,3,"4,780",256,"4,447",252,,,111,9,,,"2,556",290,"134,837","16,949",834,676,,,,,"175,742","82,705",500,224,,,,,,
"11,000  to  11,999","235,832","37,903","2,786,211","-77,316","2,709,909","1,478,761","1,317,357","2,986","175,405","1,948,744","27,859","21,148","13,907","34,942","18,064","145,254","56,375","575,742","4,892","-29,995","8,336","23,816","6,285","-14,082","5,462","46,855","2,013","-19,332","2,017","27,443","2,126","44,553",447,"1,133",a,210,,,,,"32,712","184,850","2,544","43,529","235,499","2,858,741",556,"3,521","5,669","4,468","2,890","7,287",,,"55,375","42,191","2,279","5,412",,,222,,333,"6,511",,,"64,045","76,169","23,773","128,406","9,617","51,090","2,903","28,120","4,694","8,647","4,027","22,124","2,568",868,222,131,"5,028","31,770","3,583","53,677",447,586,"3,584","54,263","2,669","7,039","1,557","1,133",111,14,"3,002","8,186",,,"7,851","10,523","5,028","118,028",,,"15,411","232,800","220,422","1,245,961","224,780","27,423","91,929","34,749","35,010",81,"199,929","66,434",556,42,"4,668",290,"4,112",248,,,334,77,,,"2,669",214,"142,728","18,422","1,558","2,128",,,,,"180,753","80,392","1,001","1,286",,,,,,
"12,000  to  12,999","227,274","38,513","2,881,980","-42,819","2,839,161","1,467,210","1,485,907","2,979","174,246","2,158,990","30,217","30,546","17,720","38,013","19,464","162,768","44,089","465,203","6,792","-47,152","10,114","31,995","5,119","-10,800","5,072","35,663","1,846","-13,019","3,160","50,673","1,292","66,857",222,"2,297",,,,,222,"-4,470","35,054","205,020","3,829","88,421","227,274","2,950,784",889,"2,327","5,501","4,916","2,334","6,864",,,"43,766","33,786","3,004","9,666",,,112,2,222,"2,427",,,"51,601","66,931","25,582","140,182","10,065","97,363","2,947","64,610","5,726","6,993","4,647","26,181","1,703",538,334,73,"5,760","33,784","3,758","54,981",113,3,"3,759","54,984","2,645","6,047","1,812","1,497",111,21,"2,757","7,566",,,"8,040","14,657","5,760","160,247",,,"16,309","284,080","210,965","1,183,131","215,908","26,341","90,233","34,108","38,673",81,"190,984","65,166",445,27,"5,780",348,"5,224",313,,,445,85,,,"2,223",168,"141,701","19,517","2,235","2,995",112,158,,,"172,949","70,563","1,000",178,,,,,,
"13,000  to 13,999","222,974","27,009","3,067,098","-56,678","3,010,419","1,450,908","1,644,328","2,985","169,281","2,274,031","29,833","35,084","13,693","36,270","19,650","196,952","44,571","497,933","5,123","-50,165","8,136","27,149","5,522","-11,690","5,748","50,946","1,790","-29,337","2,125","21,607","1,638","43,795",111,247,,,,,334,"-1,408","34,618","199,501","3,454","69,265","222,863","3,134,061",723,"2,768","5,557","4,025","3,445","9,822",,,"44,292","36,890","3,335","14,139",,,111,2,,,,,"53,127","69,897","27,356","134,606","11,581","77,928","2,566","41,938","4,057","7,785","3,567","21,889","1,843","1,008",388,99,"4,567","30,780","3,290","44,647",568,"3,102","3,401","47,748","1,612","1,880","1,166",473,111,592,"2,279","2,945",,,"7,779","15,983","4,790","118,483",,,"16,202","261,917","206,772","1,188,991","225,934","27,564","105,645","39,934","39,775",14,"197,964","72,349",111,45,"3,223",232,"3,112",187,,,,,,,"2,112",231,"146,048","24,108","1,613","2,227",,,,,"174,391","79,734",723,"1,384",,,,,,
"14,000  to  14,999","229,637","29,121","3,389,040","-59,980","3,329,060","1,487,659","1,903,802","3,609","172,735","2,419,988","26,832","19,045","14,911","49,685","20,514","191,855","55,919","673,381","5,570","-42,244","7,786","27,023","6,086","-14,337","4,690","42,473","2,005","-17,710","1,963","21,515","1,561","23,487",510,"2,095",56,59,333,"2,475",112,"-1,156","38,868","211,801","3,845","84,509","229,637","3,479,327","1,224","5,636","6,612","6,940","1,446","4,698",,,"55,365","48,229","2,948","10,267",111,66,122,17,277,"7,196",,,"63,544","84,198","30,585","152,456","9,294","92,476","4,135","59,909","5,118","5,734","4,239","22,125","3,337","1,532",556,77,"5,352","29,467","2,852","29,292",280,455,"2,853","29,746","2,944","6,430","2,276","1,665",278,"2,285","3,389","10,380",,,"7,697","16,529","5,364","128,743",,,"14,665","229,764","214,749","1,257,894","231,820","28,282","129,828","49,075","34,951",27,"203,292","81,619",556,32,"3,669",213,"3,002",180,,,222,62,,,"2,779",157,"150,891","23,775","2,113","3,489",,,,,"187,015","80,993","1,222","2,626",,,,,,
"15,000  to  15,999","231,760","69,523","3,660,808","-69,591","3,591,217","1,557,902","2,123,194","3,964","174,684","2,613,267","31,272","30,294","15,631","47,605","24,698","247,628","49,130","614,833","5,445","-48,254","9,580","38,013","5,840","-12,218","5,013","35,440","1,802","-15,658","3,257","36,803","2,127","24,229",445,"5,702",166,"5,923",,,,,"43,414","249,562","2,631","67,904","231,649","3,744,961","1,000","3,527","7,445","6,257","2,335","7,281",,,"47,965","43,867","3,836","16,763",334,698,333,127,445,"4,831",,,"58,966","86,793","35,532","135,070","10,077","65,479","3,613","68,733","5,849","11,483","4,849","25,361","3,623","1,071",a,1,"6,295","37,915","3,960","50,562",680,407,"4,293","50,968","2,779","7,222","1,556",832,111,222,"3,334","8,277",,,"7,981","21,389","6,295","167,766",,,"17,809","308,500","213,951","1,249,402","239,465","29,215","125,149","47,306","44,888",54,"209,415","81,996",556,37,"42,237",582,"41,793",544,,,222,64,,,"3,446",176,"157,009","27,257","1,835","3,196",,,,,"191,077","82,039","1,277",832,,,,,,
"16,000  to  16,999","223,165","73,925","3,795,224","-112,368","3,682,978","1,495,945","2,263,715","5,039","174,102","2,774,680","32,411","30,751","16,919","47,743","23,509","253,832","43,403","563,664","6,447","-54,079","9,515","32,476","7,458","-16,653","6,060","60,261","2,355","-15,475","2,849","34,356","2,461","23,307",445,"2,997",111,428,111,"1,039",,,"42,155","247,461","3,121","65,360","223,165","3,874,480","2,112","5,016","8,781","7,889","1,223","3,237",222,667,"42,962","41,182","3,681","14,722",334,905,222,113,111,641,,,"52,409","78,406","36,272","186,372","7,400","74,004","4,625","43,036","6,327","7,671","5,517","28,287","3,503","2,495",556,114,"6,772","38,567","5,103","66,599","1,225","16,406","5,215","83,005","3,870","7,558","2,312","1,940",445,941,"4,426","10,439",,,"6,461","12,313","6,772","172,600",111,34,"17,717","298,498","205,447","1,197,447","231,778","28,277","116,952","44,208","38,935",27,"203,933","77,231",556,18,"48,250","1,495","47,472","1,448",,,111,49,,,"2,779",214,"154,771","30,686","1,557","1,959",111,17,,,"184,906","76,354",889,698,,,,,,
"17,000  to  17,999","212,938","72,379","3,857,229","-132,469","3,724,759","1,516,492","2,324,005","6,041","168,537","2,854,019","31,770","39,036","14,051","43,074","25,750","275,592","40,790","527,377","6,125","-55,514","7,191","57,260","5,033","-10,203","5,181","36,834","2,022","-30,217","2,117","21,610","2,048","28,768",388,"4,134",,,a,239,233,"-4,739","45,631","286,491","3,146","96,959","212,716","3,919,267","1,334","2,541","6,447","5,627",778,"1,526",,,"40,171","38,331","3,191","13,993",111,196,399,408,112,427,,,"48,807","64,129","39,173","219,944","7,448","87,475","5,845","104,063","7,891","8,579","6,212","32,921","4,123","2,255",778,602,"8,336","44,356","5,126","66,066",434,"1,325","5,282","67,391","5,864","20,238","3,445","2,934",445,79,"6,309","23,251",,,"7,252","21,018","8,447","241,775",111,95,"19,571","373,855","193,356","1,142,637","225,675","27,532","111,370","42,098","37,722",,"196,152","74,230",667,19,"42,581","2,130","41,692","2,085",,,a,51,,,"2,945",178,"153,718","33,496",943,896,,,,,"178,739","71,182",457,407,,,,,,
"18,000  to  18,999","227,471","110,479","4,313,154","-107,688","4,205,466","1,596,948","2,686,851","7,789","177,235","3,180,724","33,410","28,279","14,737","66,828","24,580","302,129","42,725","608,451","7,670","-84,275","7,059","28,761","6,126","-13,742","5,126","51,611","1,624","-10,852","3,673","44,463","1,836","28,646",333,"1,451",,,111,"1,030",333,"-3,098","48,459","297,602","2,720","72,425","227,349","4,398,293","1,668","4,902","7,613","6,238","1,445","3,639",,,"43,504","44,741","3,224","11,911",,,222,253,333,"5,843",,,"52,896","84,005","43,805","201,618","8,954","93,930","5,080","82,015","8,692","6,589","7,450","34,094","4,291","2,831",955,"1,982","9,149","45,496","6,326","75,270","1,112",996,"6,326","76,266","4,565","8,909","3,366","2,238",111,14,"5,231","11,162",,,"7,702","22,228","9,149","218,360",111,-56,"21,985","372,967","205,486","1,223,981","243,599","29,719","120,976","45,729","43,531",95,"212,600","80,754",610,41,"46,236","2,771","45,736","2,730",,,334,169,,,"2,500",303,"159,616","39,203","2,445","2,966",,,,,"190,195","77,771","1,501","1,815",,,,,,
"19,000  to  19,999","210,911","103,157","4,238,745","-128,287","4,110,458","1,533,896","2,661,697","10,079","166,963","3,191,376","35,399","37,452","15,843","53,148","23,514","294,798","34,639","494,823","6,113","-44,240","8,352","27,303","6,589","-15,834","5,346","57,080","2,044","-24,209","2,759","41,325","1,980","28,098",277,"1,374",,,222,"4,733",333,"-2,736","46,672","315,692","3,489","94,157","210,799","4,309,833","1,667","4,541","7,946","6,850","1,556","3,158",111,333,"33,850","36,055","3,894","10,334",,,445,29,222,"3,601",,,"44,687","72,560","42,159","211,135","10,857","82,848","5,224","78,525","7,871","18,178","6,537","37,978","4,725","2,727",557,579,"8,316","59,462","5,704","72,481","1,199",167,"5,704","72,648","5,090","10,540","3,867","2,561",222,683,"5,757","13,784",,,"6,608","26,415","8,427","219,529",,,"20,388","372,503","190,411","1,161,393","231,594","28,254","111,916","42,304","41,742",54,"197,792","75,650",667,50,"42,025","2,543","41,469","2,491",,,111,954,,,"2,445",249,"156,723","40,829","2,201","6,479",,,,,"177,595","78,382","1,477","2,488",,,,,,
"20,000  to  20,999","221,131","112,204","4,661,795","-128,973","4,532,822","1,562,574","3,032,035","10,503","181,415","3,656,732","33,663","32,638","14,757","55,028","24,079","284,266","32,980","473,071","9,014","-80,580","8,449","47,950","4,475","-9,795","5,518","50,162","3,292","-45,139","1,630","44,125","1,186","49,054",446,"2,382",112,"1,213",a,56,a,"-1,315","48,596","322,448","3,401","50,153","220,908","4,731,610","2,110","7,429","6,279","5,417","1,778","2,608",,,"31,869","35,043","3,847","11,743",112,345,778,417,111,400,,,"42,927","67,461","44,533","183,428","9,126","54,455","4,693","73,941","7,085","8,733","5,041","26,327","2,847","1,161",911,304,"7,097","36,526","4,372","56,335",782,"1,860","4,595","58,196","3,778","8,031","2,501","1,712",222,400,"4,334","10,142",,,"7,419","25,835","7,097","182,584",,,"20,047","341,345","201,084","1,221,229","245,178","29,912","123,655","46,742","37,134",27,"210,570","81,183",222,33,"48,683","2,946","48,349","2,897",,,,,,,"3,500",183,"167,909","47,387","1,557","1,232",,,,,"189,439","80,913",893,803,,,,,,
"21,000  to  21,999","213,934","110,263","4,749,561","-151,427","4,598,134","1,564,669","3,094,435","12,610","171,289","3,540,429","36,091","43,096","17,032","67,079","25,567","371,396","31,911","510,555","6,443","-53,264","8,181","38,467","6,564","-13,531","5,358","53,037","2,680","-25,131","2,692","40,323","1,756","29,138",166,"1,622",,,222,"2,219",388,"-2,846","51,200","343,481","3,649","56,862","213,823","4,830,932","1,334","5,158","9,902","9,628","1,445","3,406",111,389,"32,301","37,185","5,222","16,672",111,723,388,160,55,"3,214",,,"44,926","83,748","47,188","223,295","9,709","71,868","5,398","81,955","8,238","7,924","6,626","33,573","4,444","1,762",222,101,"8,904","43,360","6,182","73,934",889,127,"6,182","74,061","5,609","10,727","3,331","3,648",333,"1,605","6,054","15,980",,,"7,335","30,101","9,016","221,362",111,719,"23,963","407,501","189,971","1,157,168","240,584","29,351","121,157","45,797","42,436",27,"205,810","80,323",445,25,"51,738","2,930","51,516","2,904",,,333,201,,,"3,611",408,"159,404","45,248","2,403","7,646",,,,,"177,806","73,526","1,289","1,338",,,,,,
"22,000  to  22,999","217,285","112,590","5,069,354","-179,761","4,889,593","1,547,012","3,375,053","13,849","178,288","3,934,301","36,600","19,948","16,751","49,371","25,774","359,855","29,309","459,477","8,005","-67,927","8,645","39,703","7,734","-17,783","5,323","59,418","2,398","-20,207","3,533","52,249","2,623","40,117",333,"7,153",,,111,58,667,"-7,485","52,296","391,772","3,555","75,155","217,173","5,144,195","2,178","9,727","9,670","8,059","1,000","1,100",,,"29,253","33,817","4,022","15,252",112,"1,081",333,34,667,"5,146",,,"41,491","76,991","48,000","255,769","11,103","76,008","3,948","43,610","6,252","6,994","5,252","27,052","4,274","3,327",610,391,"6,640","37,764","4,640","54,042",365,194,"4,640","54,236","4,637","9,066","3,333","4,913",222,338,"5,081","14,317",,,"6,214","28,540","6,752","151,360",,,"21,804","337,360","195,481","1,209,652","248,069","30,264","128,242","48,475","43,527",27,"208,723","84,048",557,27,"53,528","3,106","53,082","3,074",,,32,107,,,"2,890",408,"167,427","51,016","2,268","1,363",,,,,"178,810","73,626",610,278,,,,,,
"23,000  to  23,999","217,576","115,926","5,264,616","-150,722","5,113,894","1,573,880","3,574,439","17,551","177,717","4,114,438","35,867","30,694","14,684","58,703","26,304","380,374","27,242","452,043","6,889","-64,429","7,997","33,777","7,432","-17,234","4,511","54,567","2,631","-29,195","2,993","41,198","2,180","35,140",389,"1,917",,,111,"3,377",55,"-1,555","51,554","401,441","3,035","99,539","217,465","5,330,955","1,833","6,790","10,457","9,168","1,456","3,068",,,"26,854","33,091","3,500","11,653",388,"2,000",556,42,333,"2,347",,,"40,310","68,917","47,545","238,630","10,601","87,908","4,665","51,805","8,347","10,205","7,459","35,767","5,164","3,082",944,510,"8,681","49,564","6,513","76,361",668,536,"6,737","76,898","5,109","11,897","3,609","3,506",333,"1,352","5,497","16,755",,,"5,470","17,930","8,681","197,318",,,"24,344","386,050","193,232","1,187,830","246,241","30,041","122,307","46,232","41,748",,"209,237","81,365",111,9,"53,739","3,192","53,517","3,165",,,222,164,,,"4,335",795,"173,609","59,443","1,787","2,925",,,,,"181,458","77,722","1,167",846,,,,,,
"24,000  to  24,999","215,648","111,914","5,475,150","-190,211","5,284,939","4,424,463","3,711,993","18,007","181,057","4,343,106","35,999","36,106","15,397","55,262","22,232","334,972","27,180","422,679","8,834","-73,544","8,347","30,033","4,881","-12,163","5,787","64,058","1,977","-17,804","2,649","30,883","1,771","11,058",389,"6,742",167,"3,316",111,"1,791",111,-403,"46,464","372,388","1,717","36,194","215,536","5,544,315","2,668","13,910","9,223","7,428","1,000","2,504",,,"27,615","31,623","3,276","8,624",445,"2,779","1,000",72,a,7,,,"39,839","71,847","42,327","237,641","8,609","47,430","5,664","2,866,013","9,271","8,143","7,441","40,846","5,439","3,154","1,278","1,412","9,495","53,554","6,498","93,727",275,289,"6,609","94,016","6,273","13,881","4,496","7,192",333,"1,470","6,993","22,542",,,"6,356","39,154","9,618","3,043,938",,,"22,287","3,204,467","193,360","1,219,996","250,701","30,585","128,860","48,709","38,700",27,"209,255","84,014",388,11,"52,344","3,152","52,011","3,109",,,277,244,,,"3,557",272,"171,939","59,140","1,502","1,620",a,,,,"179,443","78,011",335,368,,,,,,
"25,000  to  25,999","213,029","112,282","5,643,704","-210,844","5,432,860","1,603,444","3,869,686","19,646","178,192","4,451,737","37,648","23,230","15,444","55,555","24,260","357,039","26,793","452,508","8,506","-56,314","9,599","31,144","6,142","-15,631","5,733","49,787","3,408","-33,752","3,631","49,545","2,164","27,796",277,"2,637",,,166,"1,349",220,"-1,268","49,548","429,808","2,278","53,699","213,029","5,715,914","1,722","8,231","10,721","8,647",778,"1,609",,,"26,902","33,218","4,398","15,918",166,629,111,13,,,,,"40,735","72,137","45,486","269,469","10,344","58,625","5,548","64,585","9,834","19,380","8,780","42,693","6,876","2,495",722,322,"10,223","64,891","8,224","97,808","1,166","1,070","8,390","98,879","6,711","15,321","5,046","5,654",333,"1,269","7,931","22,244",,,"7,239","30,150","10,223","249,260",111,-111,"25,944","427,159","187,084","1,176,285","247,586","30,206","124,390","47,019","39,858",14,"207,247","82,087",333,24,"52,391","3,143","52,168","3,115",,,,,,,"3,163",373,"172,834","63,390","2,166","2,156",a,,,,"180,728","73,654",833,"1,289",,,,,,
"26,000  to  26,999","211,293","116,093","5,782,308","-185,176","5,597,132","1,557,555","4,084,530","24,101","177,625","4,595,174","36,632","38,820","15,800","61,122","20,939","357,734","27,122","476,637","6,828","-72,321","8,429","38,585","6,167","-12,162","5,211","62,501","2,841","-24,175","2,298","36,621","1,688","23,306",554,"5,215",,,,,166,-955,"46,670","383,541","2,420","55,867","211,182","5,866,520","1,275","6,138","10,220","9,336",778,"2,059",111,88,"26,678","35,024","4,330","16,405",222,"3,724",166,21,277,"5,456",,,"39,061","81,470","41,599","251,772","10,310","66,595","5,107","72,524","8,046","8,195","5,993","30,224","4,607","2,968",831,850,"8,213","42,237","5,330","71,404",674,450,"5,441","71,853","4,929","12,004","3,488","4,103",386,"3,902","5,369","20,008",,,"4,334","26,466","8,326","214,323",,,"21,802","383,787","189,214","1,173,768","243,569","29,715","125,718","47,521","39,358",61,"207,069","82,038",445,52,"55,444","3,375","54,945","3,310",,,,,,,"2,443",405,"169,303","66,851","2,120","1,320",,,,,"171,651","66,365","1,053",209,,,,,,
"27,000  to  27,999","211,801","112,963","6,045,825","-222,318","5,823,536","1,604,281","4,264,094","28,409","181,310","4,844,341","36,915","43,322","17,615","61,433","24,602","395,733","24,843","418,441","6,880","-52,207","9,273","63,054","7,763","-15,769","5,536","54,596","2,769","-40,988","2,920","41,931","2,003","30,384",55,5,,,a,1,87,"-10,350","49,597","414,056","2,651","63,168","211,690","6,123,379","1,718","8,730","10,832","9,044",499,"1,398",111,333,"23,957","31,438","4,714","18,567",277,"1,380",388,75,555,"4,301",,,"37,450","79,927","44,482","303,776","10,290","81,458","6,305","88,936","8,856","11,061","6,983","35,560","5,377","2,574","1,331","2,251","9,366","51,446","6,484","72,828","1,553","2,254","6,652","75,081","6,301","14,459","4,255","3,697",222,315,"7,132","18,470",,,"5,833","34,276","9,366","238,821",111,111,"23,146","412,586","188,433","1,191,696","245,893","29,999","125,980","47,620","40,535",40,"206,909","82,563",778,29,"54,152","3,306","53,543","3,224",,,223,127,,,"2,888",296,"176,530","73,477","3,029","3,248",,,111,9,"175,972","65,599","1,753","1,270",,,,,,
"28,000  to  28,999","213,278","113,096","6,301,420","-223,873","6,076,923","1,695,424","4,457,463","31,767","181,320","5,081,563","35,951","37,816","16,262","63,493","26,278","439,899","23,268","390,083","7,827","-76,349","10,421","48,792","6,410","-14,296","4,217","53,158","2,933","-75,889","2,847","88,810","2,006","30,240",497,"6,732",a,22,111,"1,892",220,"-2,757","47,416","441,511","2,991","65,494","213,278","6,390,617","2,551","8,762","10,951","10,607",889,"2,039",,,"21,887","29,003","4,157","15,125",333,"2,133",554,50,110,536,,,"36,054","71,991","44,467","305,329","12,701","81,456","6,690","110,185","10,693","36,551","8,481","48,232","6,258","3,372","1,048",714,"10,970","88,869","7,766","101,897","1,491","4,836","7,821","106,734","7,178","18,986","5,077","3,715",a,121,"7,953","22,823",,,"6,828","45,571","10,970","311,155",111,534,"25,561","509,664","187,717","1,185,761","246,479","30,070","135,765","51,319","38,055",47,"209,466","86,027",556,117,"55,305","3,434","54,639","3,287",,,,,,,"3,999",522,"178,499","81,451","1,889","3,396",,,,,"177,539","66,714","1,321","3,311",,,,,,
"29,000  to  29,999","207,753","111,436","6,369,392","-240,682","6,128,710","1,599,507","4,582,722","35,422","179,364","5,182,004","37,023","38,469","17,039","63,804","23,124","407,045","21,538","379,276","6,899","-63,960","8,125","26,799","7,549","-18,735","4,810","54,116","2,987","-27,662","2,411","32,821","1,903","21,196",560,"2,617",55,66,111,"5,129",,,"47,118","430,128","2,972","53,566","207,753","6,437,027","2,163","9,157","11,273","8,303",778,"1,477",,,"21,216","27,796","3,819","11,829",388,"4,554",443,100,111,"2,223",,,"37,104","68,602","43,092","300,178","11,587","59,497","4,756","80,596","8,692","12,480","8,138","45,708","5,474","3,373",723,623,"9,089","62,184","7,203","87,532",721,108,"7,204","87,639","6,015","14,994","3,638","2,595",554,406,"6,511","17,995",,,"5,540","29,466","9,144","249,111",,,"21,912","412,461","185,841","1,187,047","243,659","29,726","130,073","49,168","36,981",74,"204,194","83,402",441,16,"52,854","3,180","52,468","3,150",,,,,,,"3,555",260,"177,987","84,718","2,650","2,402",,,111,1,"170,067","59,460","1,438",760,,,,,,
"30,000  to  30,999","199,104","107,610","6,349,957","-279,957","6,070,000","1,605,341","4,536,919","35,962","169,500","5,059,141","37,553","38,704","15,417","59,723","22,884","394,802","22,847","422,653","7,146","-56,262","8,915","53,898","5,603","-14,329","4,163","37,442","2,008","-22,583","3,301","59,667","1,817","53,635",716,"10,125",,,275,"3,972",166,"-1,942","44,965","483,811","2,711","45,003","199,104","6,430,186","3,079","10,750","11,271","10,266","1,055","2,266",111,341,"22,144","30,753","4,259","14,564",388,"2,251",722,76,166,370,,,"37,126","76,724","42,034","333,994","10,224","54,037","5,064","105,039","8,854","13,170","7,635","43,921","4,354","2,634",993,"1,629","9,019","61,355","6,867","95,715",673,"1,590","7,035","97,305","5,281","14,149","3,793","3,014",55,147,"6,108","17,310",,,"5,979","29,864","9,240","281,812",55,34,"23,660","475,244","175,221","1,130,097","238,308","29,074","132,698","50,160","37,157",40,"195,983","83,760",443,94,"54,411","3,260","53,633","3,084",,,,,,,"3,048",302,"167,423","86,678","2,516","3,987",55,17,333,12,"156,043","58,660","1,685","3,424",,,,,,
"31,000  to  31,999","204,036","117,028","6,731,517","-306,910","6,424,606","1,604,707","4,853,968","42,523","175,238","5,391,694","38,919","49,699","17,271","68,700","25,054","464,687","23,305","370,145","7,051","-52,525","10,318","59,296","6,199","-12,931","5,388","51,824","3,203","-44,339","3,172","46,707","1,842","46,584",276,"3,392",55,"1,177",111,"10,073",331,"-5,125","48,232","502,006","3,031","51,805","204,036","6,806,086","2,327","9,624","11,155","9,157",499,170,,,"23,025","27,584","3,761","17,792",220,592,219,313,220,"3,030",,,"37,281","75,525","44,625","357,135","11,403","50,225","5,633","84,672","10,394","22,157","8,499","47,307","5,903","2,924","1,101","1,067","10,724","73,454","7,567","99,508",730,"1,215","7,744","100,723","6,888","17,093","3,633","5,222",164,693,"7,881","23,008",,,"6,983","42,696","10,945","282,957",55,10,"25,443","460,243","178,593","1,144,464","242,205","29,549","125,638","47,491","39,409",27,"201,146","81,847",388,87,"58,387","3,537","57,611","3,424",,,,,,,"4,882",547,"173,919","94,528","2,868","3,263",,,445,27,"156,945","64,053","1,276","1,023",,,,,,
"32,000  to  32,999","200,515","109,596","6,815,088","-300,171","6,514,917","1,608,672","4,955,394","44,690","173,691","5,454,451","38,395","49,425","17,714","56,867","23,968","445,740","23,138","385,257","7,267","-52,029","9,559","75,216","6,176","-13,008","4,586","52,347","3,422","-38,534","2,619","51,371","1,890","36,082",331,"1,698",,,,,275,"-4,945","46,442","544,472","2,377","80,183","200,515","6,892,836","2,883","14,252","11,497","11,371",610,"1,405",111,56,"21,697","27,852","3,926","14,349",166,609,496,206,275,"1,709",,,"36,687","77,050","42,393","367,038","11,362","66,868","4,782","81,247","10,709","17,335","8,605","52,046","7,065","4,766","1,659","2,788","10,764","76,935","7,950","100,485",661,775,"8,061","101,260","6,891","19,190","5,400","6,727",557,"1,926","7,943","27,843",,,"4,704","26,029","10,819","284,111",109,-281,"25,541","473,699","174,919","1,134,973","241,393","29,450","132,388","50,043","37,297",81,"198,124","84,040",607,146,"57,666","3,737","56,559","3,377",,,116,73,,,"4,216",622,"174,229","99,887","2,646","5,258",a,,667,81,"161,295","66,384","1,115",612,,,,,,
"33,000  to  33,999","198,960","114,648","6,977,974","-311,714","6,666,260","2,058,516","5,124,237","50,328","171,267","5,613,789","38,207","42,643","16,971","83,174","23,387","472,061","19,428","332,692","6,827","-45,900","9,556","49,553","8,006","-19,608","5,019","51,290","3,442","-30,791","3,217","46,042","1,842","29,119",552,"6,902",,,111,596,55,-260,"43,526","542,796","2,378","70,042","198,849","7,048,692","3,660","15,019","12,265","10,717","1,000","2,129",55,71,"20,095","25,042","3,478","12,713",221,"1,414",439,38,441,"3,354",,,"36,403","74,602","39,598","406,750","10,992","95,037","5,131","56,917","10,672","16,161","7,966","40,922","7,286","4,303",998,"1,900","10,792","63,286","7,918","602,365",783,466,"7,973","602,831","7,388","24,055","5,846","7,167",554,"3,507","8,550","34,729",,,"7,477","38,306","10,903","760,150",111,-201,"27,336","958,083","171,624","1,100,433","237,926","29,027","124,772","47,164","36,743",47,"197,404","80,671",610,105,"62,285","3,957","61,674","3,745",,,111,135,,,"2,715",326,"171,931","105,081","3,693","5,161",,,445,71,"159,002","67,296","2,255","2,898",,,,,,
"34,000  to  34,999","178,815","106,324","6,484,696","-316,093","6,168,603","1,439,037","4,766,208","48,645","152,849","5,146,403","36,377","43,250","15,297","67,555","23,556","459,197","16,967","323,111","6,364","-51,855","8,034","52,708","6,831","-15,106","4,965","64,998","2,925","-32,379","3,595","72,606","1,384","47,483",658,"8,951",164,537,109,"2,294",273,"-7,521","43,776","544,304","3,355","66,091","178,815","6,564,406","2,764","14,115","11,370","11,674",443,988,111,442,"16,639","24,859","2,697","15,527",439,"3,103",441,17,273,"2,572",,,"31,329","77,543","40,522","389,410","10,606","73,317","5,657","87,040","10,394","17,877","8,515","43,971","6,659","3,324",876,"1,312","10,613","66,485","7,750","94,243",989,692,"7,804","94,935","6,534","21,038","4,944","7,014",164,970,"7,746","29,021",,,"8,267","41,813","10,722","278,709",,,"26,678","462,133","152,137","976,904","215,192","26,253","112,705","42,603","35,721",88,"177,702","73,212",553,38,"52,760","3,367","52,095","3,206",,,,,,,"3,710",429,"155,373","100,668","3,849","7,690",,,445,84,"142,377","66,795","1,920","4,206",,,,,,
"35,000  to  35,999","179,763","99,122","6,713,998","-332,004","6,381,994","1,476,406","4,938,872","49,869","153,069","5,325,255","38,941","41,604","17,013","63,756","23,248","449,737","19,080","381,077","6,680","-57,799","8,976","53,665","5,913","-12,439","4,812","52,523","3,061","-38,510","4,266","105,148","2,353","45,616",503,"7,422",109,"1,133",55,16,273,"-9,279","41,656","538,997","2,820","57,968","179,707","6,796,449","2,514","13,667","12,408","12,690",547,"1,802",,,"19,245","28,638","3,772","17,152",601,"5,444",164,13,273,"2,335",,,"35,588","87,408","38,446","387,951","12,880","55,947","5,045","70,001","10,020","21,336","8,042","51,412","5,521","2,647","1,203",898,"10,130","76,293","6,959","91,030",711,"1,112","7,069","92,142","7,598","20,041","4,810","5,608",273,"1,800","8,309","27,449",,,"7,341","41,855","10,184","260,814",,,"26,915","476,832","152,739","999,574","219,017","26,720","122,288","46,225","33,736",40,"178,610","77,058",656,122,"50,901","3,449","50,245","3,200",,,,,,,"3,608",485,"155,637","106,998","3,608","5,643",55,16,273,73,"143,927","70,198","1,367","1,401",,,,,,
"36,000  to  36,999","176,603","103,976","6,776,354","-331,150","6,445,204","1,446,304","5,023,005","53,940","152,025","5,410,686","38,887","35,238","15,045","59,273","23,395","481,037","18,148","340,753","6,013","-54,333","8,254","44,857","5,817","-12,897","5,588","61,661","2,733","-32,776","2,897","56,650","1,749","35,415",328,"7,537",,,55,,220,"-3,026","43,795","541,856","1,742","38,312","176,603","6,862,789","3,225","15,881","11,424","10,313",601,"1,580",,,"18,258","25,467","3,936","15,571",273,"4,455",656,499,601,"5,954",,,"33,836","85,591","39,248","379,761","11,198","48,611","5,031","79,984","10,168","13,618","8,802","47,619","5,904","3,947","1,531","1,244","10,497","66,428","8,529","106,572","1,585","1,595","8,693","108,167","6,997","14,260","4,646","5,453",109,"1,071","7,543","20,784",,,"6,418","31,085","10,552","280,389",55,-38,"26,250","473,145","150,298","973,159","216,706","26,438","114,988","43,465","36,113",47,"175,564","74,309",383,116,"49,960","3,374","49,304","3,180",,,,,,,"3,990",605,"156,169","110,513","3,072","3,192",110,27,109,24,"141,355","67,988",929,433,,,,,,
"37,000  to  37,999","173,523","101,574","6,875,490","-367,616","6,507,874","1,475,205","5,063,496","55,362","149,790","5,464,169","38,443","37,826","15,100","66,233","21,052","443,753","17,438","345,576","6,674","-51,436","9,032","51,146","5,523","-11,820","4,047","41,456","3,724","-36,654","3,990","77,743","2,298","36,840",383,"4,602",55,113,164,319,111,"-5,570","44,181","584,316","2,039","29,482","173,468","6,946,246","2,733","12,256","11,205","10,341",820,"1,585",55,84,"17,820","27,154","3,006","11,677",492,"4,838",656,268,273,"4,067",,,"32,962","76,551","40,082","417,084","11,393","49,468","5,140","68,884","12,470","22,020","10,228","57,539","7,332","5,010","1,641","2,701","12,580","87,269","9,080","121,083","1,314","1,388","9,300","122,471","8,801","24,335","5,685","8,452",273,"1,697","9,730","34,484",,,"7,882","54,929","12,581","324,131",,,"28,494","527,785","144,919","947,420","213,493","26,046","113,772","43,006","33,906",40,"171,982","73,186",437,91,"51,382","3,419","50,945","3,260",55,2,55,58,,,"2,678",404,"153,771","118,080","3,176","4,814",,,164,46,"140,379","74,106","1,536","1,590",,,,,,
"38,000  to  38,999","168,353","100,271","6,806,737","-326,121","6,480,616","1,440,443","5,066,246","59,716","145,356","5,449,730","36,662","32,307","13,518","59,583","22,905","510,724","18,161","335,342","5,685","-45,659","8,966","51,806","5,109","-10,823","3,774","39,084","3,237","-43,109","2,759","55,738","2,356","23,753",219,960,,,109,"2,500",273,"-12,563","39,588","538,190","2,018","52,691","168,353","6,886,930","2,843","14,555","11,588","11,951",437,964,55,49,"17,767","25,746","2,788","14,042",164,"4,253",219,47,219,"2,990",,,"32,526","80,193","36,419","376,181","9,562","50,060","5,744","96,127","11,429","16,439","9,352","50,876","7,326","4,145","1,312","2,122","11,758","73,583","8,259","108,828","1,094","2,174","8,368","111,002","8,036","23,581","5,084","5,161",273,"1,182","8,637","29,924",,,"7,296","47,449","11,868","315,427",,,"27,840","525,757","140,512","914,686","206,751","25,224","108,451","40,994","32,486",47,"167,369","70,181",492,119,"49,195","3,366","48,758","3,125",,,55,10,,,"3,990",588,"149,784","116,310","2,625","2,604",,,164,75,"135,189","67,218","1,203",622,,,,,,
"39,000  to  39,999","165,989","100,156","6,863,496","-308,063","6,555,433","1,438,001","5,167,394","64,107","144,535","5,530,540","37,165","36,296","16,798","72,185","21,440","476,775","15,974","292,697","5,958","-55,659","10,345","62,732","6,410","-14,644","4,047","55,887","2,734","-33,477","2,879","74,522","2,101","29,554",220,"3,143",55,"3,268",,,285,"-6,628","40,001","569,186","2,452","98,034","165,934","6,934,483","3,203","16,514","14,048","14,633",383,326,55,49,"15,548","22,414","3,017","13,040",329,"2,222",328,55,273,"1,505",,,"32,689","73,964","35,776","406,998","11,374","98,935","5,325","98,659","11,022","21,030","9,384","52,035","7,830","4,607",985,863,"11,461","78,534","8,453","113,460","1,269","2,625","8,617","116,085","7,763","26,216","5,412","6,283",164,441,"8,364","32,940",,,"8,102","46,483","11,680","324,857",55,354,"28,190","530,440","137,798","907,561","203,995","24,887","109,341","41,331","30,584",33,"164,785","69,949",328,55,"48,976","3,313","48,430","3,197",,,55,59,,,"3,455",462,"147,635","123,667","3,894","5,586",,,219,8,"133,930","73,497","1,598",908,,,,,,
"40,000  to  49,999","1,399,688","908,553","66,385,046","-3,656,215","62,729,174","12,749,592","50,253,222","757,159","1,207,744","52,177,700","370,904","369,328","152,915","655,873","205,227","4,880,967","145,071","2,949,980","57,019","-468,876","91,750","578,926","56,314","-123,987","40,419","526,509","28,861","-324,001","28,241","761,823","19,140","311,620","3,559","62,577",440,"3,851",492,"17,560","2,301","-96,379","368,170","5,975,075","19,625","484,302","1,399,251","67,148,124","27,059","141,319","123,483","132,580","5,690","12,078",383,699,"143,050","226,499","31,403","165,466","4,594","41,709","3,170",605,"2,350","21,003",,,"302,567","791,012","332,792","4,257,857","108,816","601,642","48,429","737,908","120,110","243,223","104,484","561,710","77,546","47,963","14,545","15,914","121,273","868,810","96,774","1,253,858","12,834","28,079","98,090","1,281,937","83,978","253,848","63,475","78,907","1,643","9,002","94,803","341,757",,,"78,123","484,261","121,492","3,252,914",765,834,"286,495","5,389,992","1,112,975","7,359,600","1,771,617","216,137","942,497","356,264","283,296",273,"1,394,579","606,949","3,939",856,"221,788","17,804","203,199","14,582",55,1,276,294,,,"33,454","5,569","1,262,608","1,336,040","38,066","60,260",a,1,"14,048","1,311","1,125,744","733,724","17,528","23,065",,,,,,
"50,000  to  59,999","1,130,682","871,687","65,204,600","-3,222,254","61,982,346","14,648,548","50,821,586","1,004,832","983,975","51,738,991","368,249","390,332","148,474","667,802","177,769","4,990,463","112,944","2,350,486","51,571","-440,835","86,151","611,842","54,532","-118,012","39,285","517,488","31,846","-364,463","29,275","854,802","19,180","455,339","3,938","56,467",656,"9,327",711,"17,809","1,928","-41,194","331,070","5,681,211","17,111","539,297","1,129,917","65,914,074","25,532","132,696","119,550","138,875","9,074","14,030",219,384,"110,826","181,937","25,785","152,048","2,898","42,532","3,040",563,"3,553","45,448",,,"266,262","752,716","295,278","3,955,685","114,957","733,431","50,867","767,272","137,439","363,261","120,262","619,404","91,945","56,315","17,166","19,514","138,721","1,058,495","111,871","1,492,294","14,057","26,852","113,746","1,519,146","94,276","310,442","70,204","96,686","1,587","14,412","107,890","421,540",,,"80,203","3,729,725","138,831","3,764,174",601,53,"300,266","9,046,723","830,142","5,601,825","1,483,278","180,960","761,285","287,766","237,915",234,"1,127,879","497,744","3,937","1,257","145,481","19,639","127,922","14,114",55,2,276,255,,,"30,241","6,202","1,040,614","1,637,416","43,332","71,845",198,23,"18,421","3,273","916,670","820,759","17,559","21,772",,,,,,
"60,000  to  69,999","909,932","788,093","61,826,603","-2,856,752","58,969,867","10,356,534","48,804,625","1,167,416","789,144","48,532,565","351,143","399,247","144,605","688,475","157,058","4,996,386","98,791","2,284,148","44,583","-404,211","85,667","680,753","52,405","-113,174","36,701","542,674","30,146","-361,983","30,354","918,383","18,555","371,324","3,871","52,587",439,"2,787",821,"19,842","1,808","-61,775","295,480","5,165,511","13,600","326,562","909,604","62,646,702","25,948","128,735","108,621","135,043","13,009","22,885",164,570,"99,286","173,799","25,135","169,989","4,377","46,089","2,901",530,"3,393","41,301",,,"247,875","765,371","265,052","3,409,263","114,495","552,511","44,840","631,732","151,658","494,374","135,520","718,807","105,239","58,397","18,002","27,259","152,334","1,298,837","127,293","1,691,677","15,931","28,165","128,390","1,719,842","106,169","356,988","84,015","114,910","1,915","16,510","119,785","488,408",,,"88,371","639,600","152,389","4,132,273",547,-543,"311,278","6,198,640","598,489","4,157,894","1,255,206","153,135","639,945","241,899","203,085",214,"908,717","419,806","4,322","1,973","161,283","24,288","140,713","16,285",,,165,399,,,"26,241","5,652","846,766","1,764,352","42,818","94,586",165,24,"25,528","5,040","732,587","813,754","19,422","21,323",,,,,,
"70,000  to  79,999","736,969","687,987","57,720,454","-2,575,998","55,144,456","9,699,660","46,030,399","1,304,770","639,637","44,700,759","325,583","348,352","137,893","681,817","139,601","4,966,819","84,651","2,120,472","35,579","-274,437","80,455","723,857","45,743","-98,599","35,120","515,504","28,302","-378,121","27,984","850,039","16,523","317,180","3,025","45,163",175,794,658,"28,176","1,545","-40,648","260,571","4,809,832","12,024","295,844","736,805","58,390,896","16,850","100,179","88,637","82,871","11,807","18,251",164,205,"85,030","168,074","23,420","166,079","4,158","61,746","2,299",301,"2,811","39,216",,,"208,959","688,564","236,126","3,075,515","108,459","499,516","41,563","671,412","154,224","576,959","137,379","747,626","107,750","60,109","18,525","29,387","154,732","1,414,081","130,193","1,707,552","16,833","35,337","131,456","1,742,889","113,609","395,382","86,218","107,390",876,"5,972","126,739","508,745",,,"84,345","555,217","154,787","4,303,688",984,-825,"293,367","6,569,357","443,384","3,130,303","1,052,245","128,374","529,688","200,222","176,735",134,"736,069","350,142","4,880","3,020","147,092","24,114","125,043","14,726",,,222,382,,,"23,294","5,972","690,062","1,813,800","42,271","120,485",319,39,"27,885","5,305","577,110","767,934","16,675","37,231",,,,,,
"80,000  to  89,999","626,288","604,579","55,230,373","-2,076,502","53,153,871","8,561,942","44,675,963","1,468,036","546,024","42,854,640","313,259","369,510","136,216","699,242","125,148","4,905,775","71,636","1,792,820","33,656","-326,224","83,489","752,383","42,737","-89,582","34,704","502,784","27,375","-349,914","26,797","899,521","17,330","307,268","3,017","54,130",276,"2,137",384,"4,599","1,460","-29,734","234,842","4,363,855","10,001","299,415","626,179","55,807,422","14,022","91,527","56,720","45,823","1,755","3,706",,,"73,456","141,513","19,983","147,491","3,874","53,003","2,852","1,277","3,949","55,345",,,"166,417","590,645","211,745","2,628,425","99,107","551,923","36,370","582,117","153,877","678,324","139,711","787,826","108,922","55,472","16,788","26,527","154,066","1,548,149","133,601","1,778,406","18,372","25,677","134,624","1,804,083","112,312","399,766","87,511","122,874","1,153","5,647","127,287","528,287",55,"1,419","78,447","591,219","154,340","4,409,406","1,043",-686,"287,782","6,164,478","338,342","2,397,464","922,691","112,568","452,227","170,942","154,093",141,"625,721","302,300","4,775","4,440","88,544","18,592","61,492","7,310",55,17,a,184,,,"21,722","6,933","590,540","1,919,263","37,866","94,171",605,91,"28,579","6,045","478,440","692,265","12,717","19,201",,,,,,
"90,000  to  99,999","528,447","517,176","52,042,696","-1,911,324","50,131,373","7,871,244","42,317,979","1,538,721","460,731","40,021,503","291,101","352,340","126,817","672,851","108,635","4,689,773","63,319","1,732,253","27,152","-244,443","76,046","863,259","40,894","-86,152","32,469","488,203","26,986","-274,393","26,018","900,498","17,047","304,990","3,085","79,621",550,"11,397",281,"3,465","1,481","-26,739","210,285","3,899,517","8,880","206,540","528,118","52,552,259","14,438","92,801","36,204","46,803","1,591","2,910",110,182,"63,768","133,933","18,185","136,331","3,730","48,891","2,194","1,468","3,823","40,573",,,"132,987","538,250","191,959","2,334,277","90,322","422,954","33,792","557,313","155,406","807,154","142,247","812,001","111,576","63,884","16,347","19,941","155,856","1,702,981","136,219","1,843,352","18,677","32,924","137,055","1,876,276","117,442","451,407","89,009","115,673","1,326","15,096","129,651","582,175",,,"77,421","561,072","155,912","4,551,191",713,-329,"270,660","6,010,191","257,787","1,861,053","802,338","97,885","391,563","148,011","135,560",114,"528,214","262,398","4,511","2,985","28,789","8,969",,,,,335,259,,,"19,094","5,861","498,488","1,896,240","38,187","116,066",719,57,"23,313","4,792","394,955","629,195","14,600","27,428",,,,,,
"100,000  to  149,999","1,668,517","1,657,697","208,732,535","-5,432,036","203,300,499","30,339,522","174,134,153","7,743,562","1,473,437","162,264,904","1,046,041","1,342,281","491,720","2,894,014","353,088","17,628,022","216,594","6,984,623","103,558","-936,254","297,188","3,638,440","160,084","-341,596","115,908","2,040,772","95,593","-850,525","111,827","5,052,955","73,796","1,457,493","11,724","354,149",988,"10,381","2,242","55,497","4,559","-127,991","660,726","13,454,782","30,465","809,592","1,668,079","211,137,073","58,523","352,056","157,882","203,005","30,401","49,187",329,778,"224,496","536,506","66,218","579,173","18,787","305,345","7,098","2,948","14,304","266,713",,,"498,071","2,461,497","598,865","7,431,029","367,009","1,998,993","97,730","1,564,219","606,924","4,278,131","557,896","4,080,936","437,861","307,406","56,956","69,690","607,489","8,736,164","541,683","8,307,314","80,637","140,434","544,851","8,447,748","467,580","2,010,908","370,433","532,154","4,042","36,991","521,535","2,580,095",55,192,"274,768","2,178,721","607,381","18,761,474","1,678","2,606","1,003,581","25,440,415","664,772","4,899,107","2,705,025","330,013","1,308,236","494,513","425,623",271,"1,667,316","876,385","19,528","17,605","24,843","22,782",,,,,"2,152","6,424",55,66,"61,595","24,818","1,583,998","8,648,703","159,697","648,265","51,197","6,819","1,316",255,"1,188,231","2,367,903","59,627","132,997",,,,,,
"150,000  to  199,999","829,406","827,181","145,026,184","-2,126,144","142,900,040","18,804,320","124,227,433","6,970,085","740,632","112,376,652","612,349","1,072,829","333,512","2,581,023","173,310","10,546,576","115,630","4,722,189","55,129","-476,443","213,354","3,994,061","103,165","-221,900","76,111","1,756,004","19,035","-449,449","87,574","5,247,989","58,853","1,545,136","8,834","276,641","1,115","8,638","1,112","40,353","3,611","-96,191","305,771","7,990,789","18,715","560,061","829,341","146,738,339","34,466","242,550","42,921","21,205","6,904","10,729",,,"123,625","333,704","42,263","437,448","16,800","386,688","3,383","1,410","9,311","224,060",,,"254,611","1,755,442","273,767","3,815,016","249,048","1,688,872","41,488","791,718","406,865","4,329,513","379,083","2,885,701","295,652","180,743","30,916","38,518","407,434","7,434,475","370,816","6,530,389","60,116","146,113","373,877","6,676,502","322,688","1,640,351","263,631","431,435","1,677","32,278","360,256","2,104,064",65,"3,846","157,817","1,464,949","407,598","13,911,216",786,"2,696","597,556","17,065,253","231,845","1,739,067","1,436,336","175,233","708,554","267,833","208,697",118,"828,759","467,863","14,926","21,301","17,239","27,328",,,,,"2,039","5,867",a,256,"30,715","18,290","788,233","6,941,174","115,460","740,319","53,714","15,446",32,7,"552,787","1,468,962","44,251","151,042",,,,,,
"200,000  to  299,999","697,329","695,865","169,409,647","-1,181,148","168,228,499","22,148,655","148,964,150","9,858,663","627,075","126,805,016","558,856","1,489,712","368,592","3,632,597","139,242","9,516,462","104,157","6,163,897","46,299","-471,375","246,803","6,773,008","111,216","-237,858","78,465","2,398,745","22,662","-630,424","109,647","9,868,018","71,801","2,028,954","10,140","458,833","1,249","11,570","1,147","61,916","3,942","-122,118","255,722","8,556,327","20,098","674,900","697,264","171,573,071","14,323","137,731",272,369,a,4,,,"118,313","419,691","48,591","566,992","27,389","705,472","3,535","1,615","7,913","265,521",,,"191,376","2,203,461","236,740","3,735,177","260,829","2,554,030","26,322","712,625","390,191","6,585,288","366,486","3,490,035","281,743","184,710","22,974","36,850","390,304","10,296,883","357,397","7,220,608","64,960","181,990","361,699","7,402,598","316,449","1,933,785","248,345","503,220","1,761","49,401","347,548","2,486,461",32,"4,091","118,298","1,509,142","390,371","14,935,093",389,"1,984","531,572","20,880,742","165,725","1,267,913","1,250,773","152,594","631,940","238,873","177,861",103,"651,937","400,395","18,716","40,719","21,591","54,202",,,,,"2,651","12,807",,,"26,124","19,921","655,024","8,986,940","135,865","1,386,783","66,230","25,559",32,13,"450,725","1,624,475","52,300","265,282",,,,,,
"300,000  to  399,999","283,755","283,327","97,442,245","83,631","97,525,876","9,256,703","88,282,280","6,567,219","255,431","70,563,023","244,259","1,007,182","186,672","2,587,765","46,898","3,280,378","46,438","3,625,389","16,555","-214,768","134,308","5,915,377","53,431","-116,276","38,413","1,504,489","13,380","-402,635","65,904","8,935,911","45,052","1,706,727","6,316","336,155",642,"5,919",704,"72,621","1,503","-94,767","102,536","3,957,574","11,381","411,612","283,690","98,842,155","5,488","54,119",33,38,,,,,"57,376","241,313","27,477","381,486","16,711","539,647","1,581","1,024","3,338","170,135",,,"85,247","1,448,136","101,691","1,769,002","135,505","1,852,632","6,878","224,885","174,189","4,524,049","164,450","1,956,670","120,519","77,848","8,565","8,898","174,229","6,567,465","160,016","3,662,126","32,633","155,935","162,453","3,818,061","142,977","1,062,529","104,782","280,792",832,"21,145","155,351","1,364,466",,,"37,603","613,438","174,229","7,340,048",434,"7,869","221,884","8,785,233","61,871","471,470","515,897","62,939","270,668","102,312","69,571",36,"241,090","163,480","11,345","30,248","13,387","47,865",,,,,"1,501","17,746",,,"8,942","8,802","261,584","5,554,775","75,290","1,209,623","32,714","16,570",a,1,"184,365","951,792","32,647","251,402",,,,,,
"400,000  to  499,999","137,275","137,050","60,751,252","322,733","61,073,985","5,100,460","55,987,552","4,448,344","122,141","41,928,319","122,295","707,427","100,118","1,874,456","20,625","1,438,155","23,481","2,361,893","8,053","-146,353","73,949","4,700,432","29,151","-65,935","21,221","940,498","7,117","-303,137","40,243","7,250,444","28,823","1,221,307","3,588","309,219",367,"10,320",371,"34,226",804,"-69,494","50,313","2,264,452","6,228","262,720","137,275","61,740,530","2,745","28,937",a,11,a,21,,,"30,928","158,571","16,154","238,655","11,095","442,624",855,602,"1,711","94,595",,,"43,877","1,006,970","53,402","1,067,981","73,706","1,390,713","2,727","140,179","90,398","3,313,075","85,261","1,190,258","60,471","40,058","3,919","4,847","90,444","4,548,238","82,743","1,988,738","18,529","123,766","84,375","2,112,503","75,190","684,663","52,258","196,135",744,"44,487","80,768","925,295",,,"17,232","470,955","90,457","4,293,457",164,391,"107,812","4,874,834","29,463","225,626","251,494","30,682","135,123","51,076","34,676",19,"95,317","45,283","7,602","32,375","8,909","46,297",,,,,865,"8,295",,,"3,475","4,337","124,490","3,501,318","45,539","1,004,543","15,946","9,634",a,,"85,980","597,832","19,625","194,689",,,,,,
"500,000  to  999,999","202,697","202,329","134,202,012","2,167,190","136,368,588","8,108,750","128,309,185","11,124,163","177,531","84,614,014","188,958","1,893,831","158,989","5,028,405","27,925","1,771,667","34,949","4,923,006","12,201","-269,742","121,246","13,971,995","43,911","-105,110","38,510","2,399,103","13,759","-581,202","77,889","22,813,407","58,658","4,179,593","6,851","829,827","1,049","103,978",642,"79,289","1,425","-143,199","78,871","4,290,918","13,108","910,329","202,686","136,342,389","4,329","46,557",27,49,a,15,,,"51,192","328,514","30,187","495,874","20,302","974,717","1,406","1,494","3,288","282,754",,,"72,250","2,195,493","86,852","2,216,532","122,235","4,383,722","2,859","203,859","144,560","8,766,615","136,704","2,430,571","92,702","66,312","5,737","9,332","144,688","11,272,831","130,020","3,296,020","36,922","452,161","134,748","3,748,181","124,241","1,582,923","80,801","562,672","1,434","113,910","131,836","2,259,504",a,"1,984","27,839","1,118,749","144,698","8,203,040",386,"2,771","145,913","7,649,493","56,785","459,258","371,327","45,302","205,345","77,620","53,915",24,"29,114","5,986","18,377","134,931","21,315","183,757",,,,,"1,554","19,660",a,18,"4,001","5,335","179,427","7,623,971","89,425","3,517,282","23,670","15,991",a,,"119,148","1,475,493","40,491","733,526",,,,,,
"1,000,000  to  1,999,999","61,289","61,232","80,473,774","2,366,351","82,840,092","3,716,336","79,176,412","8,058,575","51,069","39,682,774","59,266","1,618,303","51,437","3,852,426","8,318","559,476","10,970","2,546,352","3,842","-216,526","40,281","12,789,044","13,624","-35,683","15,454","1,636,523","5,861","-362,431","33,588","20,546,541","27,441","3,724,494","3,021","677,566",585,"30,788",300,"68,507",721,"-113,047","28,067","2,819,522","6,829","782,176","61,254","81,535,142","1,463","15,756",a,12,a,2,,,"18,344","176,408","12,463","227,668","7,453","488,547",429,490,"1,349","180,084",,,"25,883","1,119,330","31,346","1,840,781","42,565","4,207,142",606,"52,070","47,830","6,938,461","45,034","1,136,743","27,423","24,094","1,908","6,366","47,886","8,105,664","39,877","1,029,174","17,926","467,102","43,339","1,496,276","43,096","1,200,294","24,499","564,503",881,"148,772","44,486","1,912,511",a,"1,847","11,536","1,023,658","47,894","4,515,816",174,"1,883","40,188","3,539,045","21,099","177,291","110,642","13,498","60,735","22,958","20,364",8,779,469,"10,627","161,471","12,327","221,163",,,,,427,"11,246","55,131","188,402",871,"1,946","51,064","3,943,373","41,355","4,238,075","6,923","5,235",a,1,"32,053","1,253,917","20,539","938,731",,,,,,
"2,000,000  to  2,999,999","14,920","14,911","34,229,385","1,878,453","36,107,838","1,523,635","34,587,748","3,923,148","12,086","14,445,742","14,614","876,031","13,058","1,919,631","2,026","148,700","2,687","870,987","1,048","-91,784","10,367","6,994,725","3,254","-8,772","4,418","665,481","1,688","-146,044","9,574","10,179,504","8,276","2,102,968",910,"348,620",250,"24,536",98,"32,973",234,"-47,206","7,671","998,406","2,086","490,856","14,916","34,575,394",344,"3,694",,,a,4,,,"4,976","66,116","3,372","66,185","1,893","142,427",113,466,403,"73,796",,,"6,806","360,235","8,714","663,006","11,255","2,541,459",123,"15,994","12,136","3,433,144","11,362","391,688","6,573","7,882",463,"3,123","12,162","3,835,837","9,379","245,868","5,751","257,211","10,766","503,079","11,140","514,732","6,001","332,226",304,"81,374","11,454","928,333",,,"3,470","474,640","12,166","1,834,369",55,525,"11,085","1,491,735","3,835","31,900","26,718","3,260","14,402","5,444","5,450",2,202,116,"3,626","90,272","4,186","123,132",,,,,63,"2,368","14,765","197,579",196,356,"11,989","1,517,490","11,796","2,583,075","1,706","1,376",,,"8,470","684,538","6,294","554,437",,,,,,
"3,000,000  to  3,999,999","6,286","6,280","20,578,127","1,081,417","21,659,544","890,574","20,771,006","2,447,358","5,067","7,893,721","6,190","524,574","5,622","1,181,794",870,"69,691","1,159","520,395",449,"-51,304","4,528","4,754,602","1,314","-3,549","1,999","354,149",765,"-77,851","4,258","6,231,830","3,805","1,191,383",430,"238,802",142,"12,131",49,"16,972",111,"-31,469","3,370","496,665",950,"174,485","6,285","20,742,254",143,"1,548",a,1,,,,,"2,226","35,899","1,507","30,099",802,"60,520",41,58,173,"41,969",,,"3,018","174,516","3,954","414,155","4,993","1,495,571",34,"2,931","5,297","2,142,558","4,961","202,808","2,760","3,416",182,907,"5,307","2,349,689","3,917","100,453","2,729","158,187","4,671","258,640","4,912","330,332","2,520","239,208",145,"51,291","5,009","620,831",,,"1,675","279,545","5,308","1,075,885",32,927,"4,995","879,807","1,291","10,766","11,262","1,374","6,116","2,312","2,387",,76,41,"1,816","60,158","2,070","82,566",,,,,17,"1,273","6,239","145,150",84,667,"4,993","852,437","5,251","1,756,714",765,574,a,1,"3,803","442,186","2,995","374,232",,,,,,
"4,000,000  to  4,999,999","3,483","3,479","14,510,953","1,007,032","15,517,985","638,009","14,881,336","1,790,359","2,825","5,352,089","3,435","393,931","3,160","899,464",465,"33,873",592,"337,870",268,"-58,112","2,578","3,498,699",674,"-1,877","1,158","217,043",438,"-75,044","2,443","4,571,126","2,211","882,611",250,"146,185",89,"13,165",27,"8,207",45,"-16,416","1,965","349,218",589,"151,814","3,481","14,609,993",72,804,,,,,,,"1,226","23,270",819,"17,573",442,"36,396",17,129,106,"27,275",,,"1,675","106,798","2,259","251,211","2,816","1,258,243",15,"1,928","2,951","1,568,644","2,753","135,978","1,573","2,248",112,"1,058","2,959","1,707,928","2,096","53,767","1,624","135,373","2,576","189,140","2,758","209,363","1,444","170,006",78,"49,833","2,816","429,202",,,"1,022","200,170","2,959","737,895",a,50,"2,837","632,656",646,"5,354","6,232",760,"3,361","1,270","1,242",,42,25,"1,102","45,107","1,267","60,102",,,,,13,807,"3,460","114,137",46,438,"2,784","583,357","3,034","1,380,228",440,386,,,"2,231","347,428","1,806","294,057",,,,,,
"5,000,000  and  over","10,344","10,335","150,335,815","11,262,758","161,584,683","11,185,999","150,430,883","19,111,258","8,262","40,230,463","10,245","5,285,608","9,637","12,472,324","1,398","155,003","2,035","2,136,346",864,"-500,565","8,132","64,344,470","1,795","-5,050","3,974","1,218,182","1,445","-269,163","7,773","34,090,216","7,439","10,949,942",902,"954,681",384,"137,547",101,"185,828",225,"-139,171","6,542","2,905,312","1,930","1,637,823","10,338","150,344,755",165,"1,691",,,,,,,"4,086","114,377","2,420","52,209","1,307","83,190",79,210,284,"105,879",,,"5,263","365,391","7,584","3,388,399","8,946","14,651,157",50,"9,284","9,180","16,888,114","8,611","733,904","4,674","11,339",257,"8,513","9,231","17,641,870","5,645","146,923","5,917","1,949,133","8,086","2,096,055","8,708","3,743,258","4,754","5,493,016",435,"954,534","8,857","10,190,808",,,"3,653","2,039,507","9,231","13,215,456",76,"-1,177","9,102","11,175,815","1,242","10,183","18,403","2,245","10,416","3,937","3,924",1,120,54,"3,965","423,259","4,379","531,814",,,,,29,"6,773","10,292","1,401,139",198,"7,023","8,107","4,541,243","9,494","18,256,202","1,255","1,078",,,"7,419","4,568,685","6,403","4,099,878",,,,,,
TOTAL,"17,530,141","11,332,757","1,613,933,189","-11,974,737","1,601,937,312","238,697,961","1,412,083,371","90,071,409","14,523,553","1,119,003,798","6,296,452","20,492,191","3,226,228","45,563,062","2,530,299","86,111,622","2,502,535","64,449,540","785,439","-9,277,864","2,014,742","139,339,304","1,103,896","-2,427,602","813,998","20,261,338","481,692","-8,350,448","839,445","143,972,274","603,925","43,452,039","88,682","5,503,731","11,254","615,904","14,385","828,506","40,200","-2,006,588","4,792,786","92,150,939","393,443","37,487,103","17,507,106","1,633,654,802","312,397","1,854,416","1,063,772","1,105,700","146,618","305,836","2,810","6,299","2,536,361","4,636,479","543,811","4,596,117","154,796","4,529,480","51,585","34,110","72,599","2,131,838",,,"4,284,399","20,261,855","4,374,478","85,441,706","2,393,688","73,468,495","630,213","13,525,190","3,081,561","66,821,878","2,809,816","24,552,961","2,114,724","1,349,416","262,842","357,304","3,105,104","93,081,558","2,679,877","46,154,492","461,894","4,612,473","2,720,841","50,766,966","2,331,256","17,552,780","1,761,369","10,070,264","31,355","1,700,052","2,583,136","29,322,135",222,"14,411","1,459,566","19,232,373","3,109,740","126,005,848","10,460","20,842","5,305,383","161,475,937","12,221,771","77,222,024","22,737,895","2,774,023","11,089,701","4,191,907","3,747,373","3,335","16,293,744","7,174,229","154,890","1,073,664","2,261,382","1,592,622","1,976,150","142,192",219,21,"17,612","109,282","89,981","2,046,748","404,146","140,669","14,342,340","65,209,048","1,028,635","37,548,715","257,664","99,375","142,655","26,555","13,258,849","23,177,490","433,949","8,270,556",,,,,,
,,,,,,,,,,,,,,,,,,,,,,,,,,,,,,,,,,,,,,,,,,,,,,,,,,,,,,,,,,,,,,,,,,,,,,,,,,,,,,,,,,,,,,,,,,,,,,,,,,,,,,,,,,,,,,,,,,,,,,,,,,,,,,,,,,,,,,,,,,,,,,,,,,,,,,
